Item,Location,On Hand,Lead Time (days)
PL-M8-16201,P1,253,2
PL-M8-16201,P2,0,10
PL-M8-16201,P3,160,3
PL-M8-16251,P1,147,3
PL-M8-16251,P2,0,21
PL-M8-16251,P3,116,2
PL-M8-20201,P1,241,5
PL-M8-20201,P2,0,10
PL-M8-20201,P3,97,2
PL-M8-20251,P1,145,3
PL-M8-20251,P2,0,18
PL-M8-20251,P3,244,2
PL-M8-16252,P1,233,3
PL-M8-16252,P2,0,21
PL-M8-16252,P3,256,5
PL-M8-20252,P1,220,3
PL-M8-20252,P2,0,17
PL-M8-20252,P3,180,4
PL-M8-24242,P1,91,3
PL-M8-24242,P2,0,21
PL-M8-24242,P3,198,4
PL-M8-20202,P1,161,3
PL-M8-20202,P2,0,13
PL-M8-20202,P3,176,2
PL-M11-16202,P1,113,5
PL-M11-16202,P2,0,11
PL-M11-16202,P3,181,4
PL-M11-16252,P1,244,4
PL-M11-16252,P2,0,10
PL-M11-16252,P3,207,2
PL-M11-20202,P1,186,2
PL-M11-20202,P2,0,18
PL-M11-20202,P3,165,4
PL-M11-20252,P1,237,3
PL-M11-20252,P2,0,21
PL-M11-20252,P3,107,2
PL-M11-24242,P1,259,3
PL-M11-24242,P2,0,14
PL-M11-24242,P3,110,3
PL-M11-20254,P1,115,5
PL-M11-20254,P2,0,14
PL-M11-20254,P3,206,4
PL-M11-24244,P1,131,4
PL-M11-24244,P2,0,15
PL-M11-24244,P3,143,4
PL-M13-16252,P1,255,2
PL-M13-16252,P2,0,19
PL-M13-16252,P3,252,3
PL-M13-20202,P1,226,3
PL-M13-20202,P2,0,12
PL-M13-20202,P3,208,5
PL-M13-20252,P1,159,3
PL-M13-20252,P2,0,20
PL-M13-20252,P3,173,2
PL-M13-24242,P1,148,2
PL-M13-24242,P2,0,15
PL-M13-24242,P3,192,4
PL-M13-16254,P1,106,3
PL-M13-16254,P2,0,19
PL-M13-16254,P3,170,3
PL-M13-20204,P1,257,5
PL-M13-20204,P2,0,16
PL-M13-20204,P3,254,5
PL-M13-20254,P1,126,4
PL-M13-20254,P2,0,12
PL-M13-20254,P3,153,4
PL-M13-24244,P1,50,5
PL-M13-24244,P2,0,19
PL-M13-24244,P3,30,5
BG-M13-2424-6P,P1,345,3
BG-M13-2424-6P,P2,0,12
BG-M13-2424-6P,P3,0,18
BG-M13-1224-6P,P1,412,2
BG-M13-1224-6P,P2,0,10
BG-M13-1224-6P,P3,0,11
BG-M13-2424-8P,P1,238,3
BG-M13-2424-8P,P2,0,20
BG-M13-2424-8P,P3,0,16
BG-M13-1224-8P,P1,192,5
BG-M13-1224-8P,P2,0,16
BG-M13-1224-8P,P3,0,19
BG-M14-2424-6P,P1,209,4
BG-M14-2424-6P,P2,231,2
BG-M14-2424-6P,P3,0,20
BG-M14-1224-6P,P1,119,4
BG-M14-1224-6P,P2,254,4
BG-M14-1224-6P,P3,0,11
BG-M14-2424-8P,P1,165,5
BG-M14-2424-8P,P2,130,5
BG-M14-2424-8P,P3,0,10
BG-M14-1224-8P,P1,157,3
BG-M14-1224-8P,P2,219,2
BG-M14-1224-8P,P3,0,20
BX-M14-242412,P1,0,14
BX-M14-242412,P2,419,3
BX-M14-242412,P3,0,12
BX-M14-122412,P1,0,15
BX-M14-122412,P2,242,2
BX-M14-122412,P3,0,19
HP-9997-242412-G,P1,0,15
HP-9997-242412-G,P2,37,14
HP-9997-242412-G,P3,0,11
HP-9997-242412-SG,P1,0,15
HP-9997-242412-SG,P2,34,17
HP-9997-242412-SG,P3,0,10
CB-M8-20252,P1,0,13
CB-M8-20252,P2,200,2
CB-M8-20252,P3,0,21
CB-M8-24242,P1,0,17
CB-M8-24242,P2,195,3
CB-M8-24242,P3,0,12
FR-GV-2424,P1,403,3
FR-GV-2424,P2,0,14
FR-GV-2424,P3,0,18
FR-GV-1224,P1,376,3
FR-GV-1224,P2,0,18
FR-GV-1224,P3,0,21
RM-M8-3090,P1,0,21
RM-M8-3090,P2,0,13
RM-M8-3090,P3,319,5
RM-M8-4590,P1,0,20
RM-M8-4590,P2,0,20
RM-M8-4590,P3,351,5
