Item Number,Display Name,Item Class,MERV,Nominal Size,Actual Size (in),Sale Unit,Contents/Sale Unit,List Price,Std. Cost,Sale Units/Pallet,Spec Notes
PL-M8-16201,Pleated Panel Filter MERV 8 16x20x1,Pleated Panel,8,16x20x1,15.5x19.5x0.75,CASE,12 EA,34.19,19.49,40,"MERV 8; initial resistance 0.22 in. w.g. @ 300 fpm; beverage-board frame; 1"" depth"
PL-M8-16251,Pleated Panel Filter MERV 8 16x25x1,Pleated Panel,8,16x25x1,15.5x24.5x0.75,CASE,12 EA,37.13,21.16,40,"MERV 8; initial resistance 0.22 in. w.g. @ 300 fpm; beverage-board frame; 1"" depth"
PL-M8-20201,Pleated Panel Filter MERV 8 20x20x1,Pleated Panel,8,20x20x1,19.5x19.5x0.75,CASE,12 EA,37.13,21.16,40,"MERV 8; initial resistance 0.22 in. w.g. @ 300 fpm; beverage-board frame; 1"" depth"
PL-M8-20251,Pleated Panel Filter MERV 8 20x25x1,Pleated Panel,8,20x25x1,19.5x24.5x0.75,CASE,12 EA,40.80,23.26,40,"MERV 8; initial resistance 0.22 in. w.g. @ 300 fpm; beverage-board frame; 1"" depth"
PL-M8-16252,Pleated Panel Filter MERV 8 16x25x2,Pleated Panel,8,16x25x2,15.5x24.5x1.75,CASE,12 EA,50.23,28.63,30,"MERV 8; initial resistance 0.22 in. w.g. @ 300 fpm; beverage-board frame; 2"" depth"
PL-M8-20252,Pleated Panel Filter MERV 8 20x25x2,Pleated Panel,8,20x25x2,19.5x24.5x1.75,CASE,12 EA,55.20,31.46,30,"MERV 8; initial resistance 0.22 in. w.g. @ 300 fpm; beverage-board frame; 2"" depth"
PL-M8-24242,Pleated Panel Filter MERV 8 24x24x2,Pleated Panel,8,24x24x2,23.5x23.5x1.75,CASE,12 EA,58.98,33.62,30,"MERV 8; initial resistance 0.22 in. w.g. @ 300 fpm; beverage-board frame; 2"" depth"
PL-M8-20202,Pleated Panel Filter MERV 8 20x20x2,Pleated Panel,8,20x20x2,19.5x19.5x1.75,CASE,12 EA,50.23,28.63,30,"MERV 8; initial resistance 0.22 in. w.g. @ 300 fpm; beverage-board frame; 2"" depth"
PL-M11-16202,Pleated Panel Filter MERV 11 16x20x2,Pleated Panel,11,16x20x2,15.5x19.5x1.75,CASE,12 EA,69.39,39.55,30,"MERV 11; initial resistance 0.27 in. w.g. @ 300 fpm; moisture-resistant beverage-board frame; 2"" depth"
PL-M11-16252,Pleated Panel Filter MERV 11 16x25x2,Pleated Panel,11,16x25x2,15.5x24.5x1.75,CASE,12 EA,75.35,42.95,30,"MERV 11; initial resistance 0.27 in. w.g. @ 300 fpm; moisture-resistant beverage-board frame; 2"" depth"
PL-M11-20202,Pleated Panel Filter MERV 11 20x20x2,Pleated Panel,11,20x20x2,19.5x19.5x1.75,CASE,12 EA,75.35,42.95,30,"MERV 11; initial resistance 0.27 in. w.g. @ 300 fpm; moisture-resistant beverage-board frame; 2"" depth"
PL-M11-20252,Pleated Panel Filter MERV 11 20x25x2,Pleated Panel,11,20x25x2,19.5x24.5x1.75,CASE,12 EA,82.80,47.20,30,"MERV 11; initial resistance 0.27 in. w.g. @ 300 fpm; moisture-resistant beverage-board frame; 2"" depth"
PL-M11-24242,Pleated Panel Filter MERV 11 24x24x2,Pleated Panel,11,24x24x2,23.5x23.5x1.75,CASE,12 EA,88.46,50.42,30,"MERV 11; initial resistance 0.27 in. w.g. @ 300 fpm; moisture-resistant beverage-board frame; 2"" depth"
PL-M11-20254,Pleated Panel Filter MERV 11 20x25x4,Pleated Panel,11,20x25x4,19.5x24.5x3.75,CASE,6 EA,82.80,47.20,20,"MERV 11; initial resistance 0.27 in. w.g. @ 300 fpm; moisture-resistant beverage-board frame; 4"" depth"
PL-M11-24244,Pleated Panel Filter MERV 11 24x24x4,Pleated Panel,11,24x24x4,23.5x23.5x3.75,CASE,6 EA,88.46,50.42,20,"MERV 11; initial resistance 0.27 in. w.g. @ 300 fpm; moisture-resistant beverage-board frame; 4"" depth"
PL-M13-16252,Pleated Panel Filter MERV 13 16x25x2,Pleated Panel,13,16x25x2,15.5x24.5x1.75,CASE,12 EA,100.46,57.26,30,"MERV 13; initial resistance 0.31 in. w.g. @ 300 fpm; high-wet-strength board frame; 2"" depth"
PL-M13-20202,Pleated Panel Filter MERV 13 20x20x2,Pleated Panel,13,20x20x2,19.5x19.5x1.75,CASE,12 EA,100.46,57.26,30,"MERV 13; initial resistance 0.31 in. w.g. @ 300 fpm; high-wet-strength board frame; 2"" depth"
PL-M13-20252,Pleated Panel Filter MERV 13 20x25x2,Pleated Panel,13,20x25x2,19.5x24.5x1.75,CASE,12 EA,110.40,62.93,30,"MERV 13; initial resistance 0.31 in. w.g. @ 300 fpm; high-wet-strength board frame; 2"" depth"
PL-M13-24242,Pleated Panel Filter MERV 13 24x24x2,Pleated Panel,13,24x24x2,23.5x23.5x1.75,CASE,12 EA,117.95,67.23,30,"MERV 13; initial resistance 0.31 in. w.g. @ 300 fpm; high-wet-strength board frame; 2"" depth"
PL-M13-16254,Pleated Panel Filter MERV 13 16x25x4,Pleated Panel,13,16x25x4,15.5x24.5x3.75,CASE,6 EA,106.47,60.69,20,"MERV 13; initial resistance 0.31 in. w.g. @ 300 fpm; high-wet-strength board frame; 4"" depth"
PL-M13-20204,Pleated Panel Filter MERV 13 20x20x4,Pleated Panel,13,20x20x4,19.5x19.5x3.75,CASE,6 EA,106.47,60.69,20,"MERV 13; initial resistance 0.31 in. w.g. @ 300 fpm; high-wet-strength board frame; 4"" depth"
PL-M13-20254,Pleated Panel Filter MERV 13 20x25x4,Pleated Panel,13,20x25x4,19.5x24.5x3.75,CASE,6 EA,117.00,66.69,20,"MERV 13; initial resistance 0.31 in. w.g. @ 300 fpm; high-wet-strength board frame; 4"" depth"
PL-M13-24244,Pleated Panel Filter MERV 13 24x24x4,Pleated Panel,13,24x24x4,23.5x23.5x3.75,CASE,6 EA,125.00,71.25,20,"MERV 13; initial resistance 0.31 in. w.g. @ 300 fpm; high-wet-strength board frame; 4"" depth"
BG-M13-2424-6P,Bag Filter MERV 13 6-Pocket 24x24x15,Bag,13,24x24x15,23.375x23.375x15,EA,1 EA,38.00,22.04,36,MERV 13; 6 pockets; synthetic media; initial resistance 0.30 in. w.g. @ 500 fpm; galvanized header
BG-M13-1224-6P,Bag Filter MERV 13 6-Pocket 12x24x15,Bag,13,12x24x15,11.375x23.375x15,EA,1 EA,23.56,13.66,60,MERV 13; 6 pockets; synthetic media; initial resistance 0.30 in. w.g. @ 500 fpm; galvanized header
BG-M13-2424-8P,Bag Filter MERV 13 8-Pocket 24x24x22,Bag,13,24x24x22,23.375x23.375x22,EA,1 EA,46.00,26.68,36,MERV 13; 8 pockets; synthetic media; initial resistance 0.30 in. w.g. @ 500 fpm; galvanized header
BG-M13-1224-8P,Bag Filter MERV 13 8-Pocket 12x24x22,Bag,13,12x24x22,11.375x23.375x22,EA,1 EA,28.52,16.54,60,MERV 13; 8 pockets; synthetic media; initial resistance 0.30 in. w.g. @ 500 fpm; galvanized header
BG-M14-2424-6P,Bag Filter MERV 14 6-Pocket 24x24x15,Bag,14,24x24x15,23.375x23.375x15,EA,1 EA,45.60,26.45,36,MERV 14; 6 pockets; synthetic media; initial resistance 0.38 in. w.g. @ 500 fpm; galvanized header
BG-M14-1224-6P,Bag Filter MERV 14 6-Pocket 12x24x15,Bag,14,12x24x15,11.375x23.375x15,EA,1 EA,28.27,16.40,60,MERV 14; 6 pockets; synthetic media; initial resistance 0.38 in. w.g. @ 500 fpm; galvanized header
BG-M14-2424-8P,Bag Filter MERV 14 8-Pocket 24x24x22,Bag,14,24x24x22,23.375x23.375x22,EA,1 EA,55.20,32.02,36,MERV 14; 8 pockets; synthetic media; initial resistance 0.38 in. w.g. @ 500 fpm; galvanized header
BG-M14-1224-8P,Bag Filter MERV 14 8-Pocket 12x24x22,Bag,14,12x24x22,11.375x23.375x22,EA,1 EA,34.22,19.85,60,MERV 14; 8 pockets; synthetic media; initial resistance 0.38 in. w.g. @ 500 fpm; galvanized header
BX-M14-242412,Rigid Box Filter MERV 14 24x24x12,Rigid Box,14,24x24x12,23.5x23.5x11.5,EA,1 EA,92.00,51.52,16,"MERV 14; 90-95% ASHRAE dust spot; initial resistance 0.42 in. w.g. @ 500 fpm; single header, plastic frame"
BX-M14-122412,Rigid Box Filter MERV 14 12x24x12,Rigid Box,14,12x24x12,11.5x23.5x11.5,EA,1 EA,61.00,34.16,32,"MERV 14; 90-95% ASHRAE dust spot; initial resistance 0.42 in. w.g. @ 500 fpm; single header, plastic frame"
HP-9997-242412-G,HEPA Filter 99.97% 24x24x11.5 Galvanized Frame,HEPA,,24x24x12,23.375x23.375x11.5,EA,1 EA,318.00,186.00,12,99.97% @ 0.3 micron; initial resistance 1.0 in. w.g. @ 250 fpm; galvanized steel frame; neoprene gasket
HP-9997-242412-SG,HEPA Filter 99.97% 24x24x11.5 Stainless Gel-Seal,HEPA,,24x24x12,23.375x23.375x11.5,EA,1 EA,468.00,279.00,12,99.97% @ 0.3 micron; initial resistance 1.0 in. w.g. @ 250 fpm; stainless steel frame; gel seal; for surgical/cleanroom terminal housings
CB-M8-20252,Pleated Carbon Odor Filter 20x25x2,Carbon,8,20x25x2,19.5x24.5x1.75,CASE,12 EA,186.00,104.16,24,"MERV 8; activated carbon impregnated pleated media, 200 g/SF carbon; initial resistance 0.30 in. w.g. @ 300 fpm"
CB-M8-24242,Pleated Carbon Odor Filter 24x24x2,Carbon,8,24x24x2,23.5x23.5x1.75,CASE,12 EA,204.00,114.24,24,"MERV 8; activated carbon impregnated pleated media, 200 g/SF carbon; initial resistance 0.30 in. w.g. @ 300 fpm"
FR-GV-2424,Holding Frame Galvanized 24x24,Holding Frame,,24x24,23.75x23.75x4.75,EA,1 EA,24.50,13.48,100,"16-ga galvanized steel; accepts 2"", 4"" and header filters with clips; universal holding frame"
FR-GV-1224,Holding Frame Galvanized 12x24,Holding Frame,,12x24,11.75x23.75x4.75,EA,1 EA,19.75,10.86,100,"16-ga galvanized steel; accepts 2"", 4"" and header filters with clips; universal holding frame"
RM-M8-3090,"Roll Media MERV 8 Synthetic 30"" x 90'",Roll Media,8,30in x 90ft,30in x 90ft,ROLL,"225 SF|90 LF",58.00,33.06,12,"MERV 8 synthetic polyester, 1"" loft, tackified; 225 SF per roll"
RM-M8-4590,"Roll Media MERV 8 Synthetic 45"" x 90'",Roll Media,8,45in x 90ft,45in x 90ft,ROLL,"337.5 SF|90 LF",82.00,46.74,12,"MERV 8 synthetic polyester, 1"" loft, tackified; 337.5 SF per roll"
